{"cameraMode":{"drawMode":0,"name":"Shaded","section":"Shading Mode"},"sceneLighting":true,"audioPlay":false,"sceneViewState":{"showFog":true,"showMaterialUpdate":false,"showSkybox":true,"showFlares":true,"showImageEffects":true,"showParticleSystems":true},"in2DMode":false,"pivot":{"x":0.4910913407802582,"y":2.7045438289642336,"z":-11.305455207824707},"rotation":{"x":-0.21790862083435059,"y":0.1851990818977356,"z":-0.042155127972364429,"w":-0.9573177099227905},"size":1.1926050186157227,"orthographic":false}