{"cameraMode":{"drawMode":0,"name":"Shaded","section":"Shading Mode"},"sceneLighting":false,"audioPlay":false,"sceneViewState":{"showFog":true,"showMaterialUpdate":false,"showSkybox":false,"showFlares":true,"showImageEffects":true,"showParticleSystems":true},"in2DMode":false,"pivot":{"x":-8.890993118286133,"y":0.1639600396156311,"z":-8.8240966796875},"rotation":{"x":0.13806065917015077,"y":-0.7685732245445252,"z":0.17712022364139558,"w":0.5990749597549439},"size":0.6123724579811096,"orthographic":false}