{"cameraMode":{"drawMode":0,"name":"Shaded","section":"Shading Mode"},"sceneLighting":false,"audioPlay":false,"sceneViewState":{"showFog":true,"showMaterialUpdate":false,"showSkybox":false,"showFlares":true,"showImageEffects":true,"showParticleSystems":true},"in2DMode":false,"pivot":{"x":-9.167162895202637,"y":0.6313799023628235,"z":-8.669179916381836},"rotation":{"x":-0.08960619568824768,"y":-0.9084605574607849,"z":0.25583142042160036,"w":-0.31819888949394228},"size":5.412373065948486,"orthographic":false}