{"cameraMode":{"drawMode":0,"name":"Shaded","section":"Shading Mode"},"sceneLighting":false,"audioPlay":false,"sceneViewState":{"showFog":true,"showMaterialUpdate":false,"showSkybox":false,"showFlares":true,"showImageEffects":true,"showParticleSystems":true},"in2DMode":false,"pivot":{"x":2.022732734680176,"y":3.6420340538024904,"z":718.7046508789063},"rotation":{"x":0.08420822769403458,"y":-0.9037454724311829,"z":0.20912674069404603,"w":0.363900363445282},"size":0.5791336894035339,"orthographic":false}