{"cameraMode":{"drawMode":0,"name":"Shaded","section":"Shading Mode"},"sceneLighting":true,"audioPlay":false,"sceneViewState":{"showFog":true,"showMaterialUpdate":false,"showSkybox":true,"showFlares":true,"showImageEffects":true,"showParticleSystems":true},"in2DMode":false,"pivot":{"x":-2.301880121231079,"y":-2.8834238052368166,"z":-0.38182318210601809},"rotation":{"x":-0.2488948553800583,"y":-0.3363765776157379,"z":0.09266363829374314,"w":-0.9035032391548157},"size":10.0,"orthographic":false}