{"cameraMode":{"drawMode":0,"name":"Shaded","section":"Shading Mode"},"sceneLighting":true,"audioPlay":false,"sceneViewState":{"showFog":true,"showMaterialUpdate":false,"showSkybox":true,"showFlares":true,"showImageEffects":true,"showParticleSystems":true},"in2DMode":false,"pivot":{"x":-1.2777715921401978,"y":1.3755171298980713,"z":-1.5756313800811768},"rotation":{"x":-0.055751118808984759,"y":0.03353807330131531,"z":-0.001867641811259091,"w":-0.9979051351547241},"size":0.482259064912796,"orthographic":false}