{"cameraMode":{"drawMode":0,"name":"Shaded","section":"Shading Mode"},"sceneLighting":false,"audioPlay":false,"sceneViewState":{"showFog":true,"showMaterialUpdate":false,"showSkybox":false,"showFlares":true,"showImageEffects":true,"showParticleSystems":true},"in2DMode":false,"pivot":{"x":-1.4434242248535157,"y":-0.3894386291503906,"z":0.11216896772384644},"rotation":{"x":0.024490609765052797,"y":-0.9034760594367981,"z":0.42478621006011965,"w":0.052090901881456378},"size":10.0,"orthographic":false}