{"cameraMode":{"drawMode":0,"name":"Shaded","section":"Shading Mode"},"sceneLighting":false,"audioPlay":false,"sceneViewState":{"showFog":true,"showMaterialUpdate":false,"showSkybox":false,"showFlares":true,"showImageEffects":true,"showParticleSystems":true},"in2DMode":false,"pivot":{"x":-27.620121002197267,"y":1.3295178413391114,"z":-1.8333792686462403},"rotation":{"x":0.22592046856880189,"y":-0.03039149008691311,"z":0.007051653694361448,"w":0.9736509919166565},"size":2.981717586517334,"orthographic":false}