{"cameraMode":{"drawMode":0,"name":"Shaded","section":"Shading Mode"},"sceneLighting":true,"audioPlay":false,"sceneViewState":{"showFog":true,"showMaterialUpdate":false,"showSkybox":true,"showFlares":true,"showImageEffects":true,"showParticleSystems":true},"in2DMode":false,"pivot":{"x":3.434880256652832,"y":3.2350282669067385,"z":-9.301933288574219},"rotation":{"x":0.16957393288612367,"y":-0.08238855749368668,"z":0.014221535064280033,"w":0.981971800327301},"size":1.617631435394287,"orthographic":false}