{"cameraMode":{"drawMode":0,"name":"Shaded","section":"Shading Mode"},"sceneLighting":true,"audioPlay":false,"sceneViewState":{"showFog":true,"showMaterialUpdate":false,"showSkybox":true,"showFlares":true,"showImageEffects":true,"showParticleSystems":true},"in2DMode":false,"pivot":{"x":0.37008601427078249,"y":2.700000047683716,"z":-7.5},"rotation":{"x":0.11821870505809784,"y":-0.008643513545393944,"z":0.001026065438054502,"w":0.9929510354995728},"size":1.1424986124038697,"orthographic":false}