{"cameraMode":{"drawMode":0,"name":"Shaded","section":"Shading Mode"},"sceneLighting":true,"audioPlay":false,"sceneViewState":{"showFog":true,"showMaterialUpdate":false,"showSkybox":true,"showFlares":true,"showImageEffects":true,"showParticleSystems":true},"in2DMode":false,"pivot":{"x":3.555765390396118,"y":2.571214437484741,"z":-9.488238334655762},"rotation":{"x":-0.24325703084468842,"y":0.26004135608673098,"z":-0.067872054874897,"w":-0.9319957494735718},"size":1.1926050186157227,"orthographic":false}